{
  "adapters": [
    {
      "name": "Coverity Connect Controller",
      "type": "json",
      "stage": "connect",
      "config": {
        "command": [
          "connect-workflow-controller"
        ],
        "require": [
          "coverity.connect.url"
        ],
        "optional": [
          "coverity.install.directory"
        ],
        "produce": [
          "coverity.execution.path",
          "downloads.coverity.url",
          "coverity.scanSuccessful"
        ]
      }
    },
    {
      "name": "Coverity connect post scan",
      "type": "json",
      "stage": "connect",
      "config": {
        "optional": [
          "coverity.connect.user.name",
          "coverity.connect.user.password",
          "coverity.connect.url",
          "coverity.connect.policy.view",
          "coverity.connect.project.name",
          "coverity.scanSuccessful"
        ],
        "produce": [
          "bridge.break"
        ],
        "command": ["coverity-connect-post-scan"]
      }
    }
  ],
  "schema": {
    "coverity.connect.url": {
      "description": "The base url to use in API calls to the Coverity Connect Server.",
      "type": "string"
    },
    "coverity.install.directory": {
      "description": "If given, this is where we will look to see if coverity is installed.",
      "type": "string"
    },
    "coverity.execution.path": {
      "description": "If the correct version of coverity is already installed, set the value of this resource to the path of the coverity thin client.",
      "type": "string"
    },
    "downloads.coverity.url": {
      "description": "If we need to download the coverity thin client, set the value of this resource to the Download URL for the payload",
      "type": "string"
    },
    "coverity.install.default.directory": {
      "description": "Default install directory to use when user has not supplied an install directory",
      "type": "string"
    },
    "coverity.idir.path": {
      "description": "The path where Coverity CLI needs to generate intermediate directory",
      "type": "string"
    },
    "coverity.scanSuccessful": {
      "description": "flag indicating whether the coverity capture happened successfully or not",
      "type": "bool"
    },
    "coverity.connect.user.name": {
      "description": "Coverity connect adapter username",
      "type": "string"
    },
    "coverity.connect.user.password": {
      "description": "Coverity connect adapter password",
      "type": "string"
    },
    "coverity.connect.policy.view": {
      "description": "Coverity connect view to validate the issues",
      "type": "string"
    },
    "coverity.connect.project.name": {
      "description": "Coverity connect project name",
      "type": "string"
    },
    "downloads.coverity.path": {
      "description": "Coverity related artifacts downloaded path",
      "type": "string"
    },
    "project.directory": {
      "description": "Project source code directory",
      "type": "string"
    },
    "coverity.build.command": {
      "description": "Build command to be passed to Coverity",
      "type": "[]string"
    },
    "coverity.connect.results.comparison.path": {
      "description": "Location of comparison report",
      "type": "string"
    },
    "coverity.connect.stream.name": {
      "description": "Name of the stream",
      "type": "string"
    }

  }
}
